ID;ID anterior;Grupo;Endpoint;Método;Arquivo previsto;VADER;Severidade;Título;Descrição;Ação;Dados;Resultado esperado;Lacuna de contrato;Pendência;Nota;Comando;Veredicto;Observações da execução
AUTH-01;CRIT-41, CRIT-47.1;AUTH;/auth/login;POST;test/auth.login.test.js;V;Crítica;Login válido devolve token utilizável, sem exigir header de autenticação;Caminho feliz da autenticação. Sem ele nenhum outro caso da suíte consegue rodar, então é o primeiro a ser escrito e o helper de token depende dele.;Enviar POST /auth/login com as credenciais do seed e usar o token devolvido em uma chamada protegida qualquer.;usuario pamela, senha 1234, sem header Authorization;200 com token em string não vazia e expiraEm em ISO 8601 aproximadamente 1 hora à frente. O token deve ser aceito em GET /pedidos. Como a chamada não envia Authorization, este caso também comprova que o login permanece público.;LoginResponse não declara o tipo do token, então o cliente precisa saber por fora que é Bearer.;;;"npx mocha --grep ""AUTH-01""";Passou;Passou. Execução de 2026-08-11 no CI. A API respondeu 200 com token JWT não vazio e expiraEm em string. Ressalva de cobertura: o teste confere apenas que o token não está vazio e que o expiraEm é string. Ele não chama GET /pedidos com o token, então o caso ainda não prova que o token é utilizável, que é o que o título promete.
AUTH-02;CRIT-42.1, CRIT-42.2;AUTH;/auth/login;POST;test/auth.login.test.js;D;Alta;Campo obrigatório ausente no login;LoginInput declara usuario e senha como required, sem tamanho mínimo, máximo nem pattern. Verificar a validação antes de qualquer consulta ao banco.;Enviar o login omitindo usuario e depois omitindo senha.;"{ ""senha"": ""1234"" } | { ""usuario"": ""pamela"" }";400 com codigo VALIDACAO e detalhes apontando o campo que faltou, em cada uma das duas requisições.;usuario e senha não têm maxLength. Uma senha de vários megabytes seria processada.;;;"npx mocha --grep ""AUTH-02""";Passou;Execução de 2026-08-14: 1 execução, todas verdes.
AUTH-03;CRIT-42.3, CRIT-42.4;AUTH;/auth/login;POST;test/auth.login.test.js;D;Alta;Campo obrigatório vazio no login;LoginInput declara usuario e senha como required, sem tamanho mínimo, máximo nem pattern. Verificar a validação antes de qualquer consulta ao banco.;Enviar o login com usuario vazio e depois com senha vazia.;"{ ""usuario"": """", ""senha"": ""1234"" } | { ""usuario"": ""pamela"", ""senha"": """" }";400 com codigo VALIDACAO nas duas. Nunca 401, porque o problema é o formato e não a credencial.;usuario e senha não têm maxLength. Uma senha de vários megabytes seria processada.;;;"npx mocha --grep ""AUTH-03""";Passou;Execução de 2026-08-14: 1 execução, todas verdes.
AUTH-04;CRIT-42.5;AUTH;/auth/login;POST;test/auth.login.test.js;D;Alta;Login com usuario numérico devolve 400 VALIDACAO;LoginInput declara usuario e senha como required, sem tamanho mínimo, máximo nem pattern. Verificar a validação antes de qualquer consulta ao banco.;Enviar o login com usuario numérico.;"{ ""usuario"": 123, ""senha"": ""1234"" }";400 com codigo VALIDACAO. LoginInput declara usuario como string.;usuario e senha não têm maxLength. Uma senha de vários megabytes seria processada.;;;"npx mocha --grep ""AUTH-04""";Passou;Execução de 2026-08-14: 1 execução, todas verdes.
AUTH-05;CRIT-42.6;AUTH;/auth/login;POST;test/auth.login.test.js;D;Alta;Login com corpo vazio aponta usuario e senha como obrigatórios;LoginInput declara usuario e senha como required, sem tamanho mínimo, máximo nem pattern. Verificar a validação antes de qualquer consulta ao banco.;Enviar o login com corpo vazio.;{};400 com codigo VALIDACAO e detalhes citando os dois campos obrigatórios.;usuario e senha não têm maxLength. Uma senha de vários megabytes seria processada.;;;"npx mocha --grep ""AUTH-05""";Passou;Execução de 2026-08-14: 1 execução, todas verdes.
AUTH-06;CRIT-42.7;AUTH;/auth/login;POST;test/auth.login.test.js;D;Alta;Senha de 100 mil caracteres é processada por falta de maxLength;LoginInput declara usuario e senha como required, sem tamanho mínimo, máximo nem pattern. Verificar a validação antes de qualquer consulta ao banco.;Enviar o login com uma senha muito longa e medir o tempo de resposta.;senha com 100 mil caracteres;Definir e aplicar um maxLength. Processar a senha inteira é vetor de esgotamento de recurso.;usuario e senha não declaram maxLength no LoginInput.;;;"npx mocha --grep ""AUTH-06""";Passou;Execução de 2026-08-14: 1 execução, todas verdes.
AUTH-07;CRIT-43.1;AUTH;/auth/login;POST;test/auth.login.test.js;A;Crítica;Login de usuário inexistente devolve 401 CREDENCIAIS_INVALIDAS;O contrato documenta uma única mensagem para o 401. Se a resposta distinguir usuário inexistente de senha incorreta, um atacante descobre quais contas existem antes de tentar a senha.;Tentar o login com um usuário que não existe no banco e registrar corpo e tempo.;"{ ""usuario"": ""fulano"", ""senha"": ""1234"" }";401 com codigo CREDENCIAIS_INVALIDAS. Guardar corpo e tempo de resposta para comparar com a variação seguinte.;;;;"npx mocha --grep ""AUTH-07""";Passou;Execução de 2026-08-14: 1 execução, todas verdes.
AUTH-08;CRIT-43.2;AUTH;/auth/login;POST;test/auth.login.test.js;A;Crítica;Senha errada de usuário existente responde igual a usuário inexistente;O contrato documenta uma única mensagem para o 401. Se a resposta distinguir usuário inexistente de senha incorreta, um atacante descobre quais contas existem antes de tentar a senha.;Tentar o login com o usuário real e senha errada, e comparar com o resultado da variação anterior.;"{ ""usuario"": ""pamela"", ""senha"": ""errada"" }";401 com corpo byte a byte idêntico ao da variação anterior. Diferença de mensagem ou de tempo perceptível revela quais contas existem.;;;;"npx mocha --grep ""AUTH-08""";Passou;Execução de 2026-08-14: 1 execução, todas verdes.
AUTH-09;CRIT-46, PERF-07.2;AUTH;/auth/login;POST;test/auth.login.test.js;A;Crítica;Ausência de proteção contra tentativas repetidas no login;O login é o único endpoint público que aceita corpo, existe um único usuário conhecido e a senha tem quatro dígitos. Sem bloqueio ou atraso, a força bruta é trivial.;Executar a sequência manual e, em seguida, o cenário de carga em k6 sobre o mesmo endpoint.;30 tentativas sequenciais com senha inválida | 10 VUs em POST /auth/login por 3 minutos;Bloqueio temporário, atraso progressivo ou 429 com Retry-After. Uma sequência ilimitada de 401 confirma a exposição. Registrar também o custo por requisição observado sob carga.;429 não está documentado e não há política de bloqueio descrita no contrato. Sem limite de taxa declarado, o login também é vetor de esgotamento de recurso.;Pode bloquear o único usuário do ambiente. Executar com EXECUTAR_FORCA_BRUTA=true Depende do resultado de CRIT-46;;"npx mocha --grep ""AUTH-09""";;
AUTH-10;CRIT-48;AUTH;/auth/login;POST;test/auth.login.test.js;R;Alta;Coerência entre expiraEm e o claim exp do token;expiraEm é o que o cliente usa para decidir quando renovar. Se divergir do exp real do JWT, o front descarta um token ainda válido ou usa um já vencido.;Decodificar a carga do JWT devolvido e comparar o claim exp com o campo expiraEm da resposta.;token de um login bem-sucedido;exp e expiraEm apontando para o mesmo instante, com diferença de no máximo poucos segundos, e ambos aproximadamente 1 hora à frente do login.;;;;"npx mocha --grep ""AUTH-10""";Passou;Execução de 2026-08-14: 1 execução, todas verdes.
AUTH-11;CRIT-49.1, CRIT-49.4;AUTH;/auth/login;POST;test/auth.login.test.js;R;Alta;Credencial e token reais publicados como exemplo no contrato;Frente de proteção de dados da POISED. A senha é gravada em texto puro por decisão do projeto, aparece como exemplo no próprio openapi.yaml e trafega em HTTP no ambiente local.;Abrir o openapi.yaml e conferir os exemplos de LoginInput e LoginResponse.;"exemplo senha ""1234"" no LoginInput | exemplo do LoginResponse terminando em .assinatura";Trocar os dois por valores inequivocamente fictícios. O contrato é documentação pública, não deve carregar a senha real, e o token de exemplo dispara detector de segredo a cada importação.;O contrato publica a credencial real como exemplo e não há servidor https declarado.;Depende de decisão do projeto. Hoje é risco aceito de forma consciente;Letra VADER atribuída na revisão de escopo: o caso vinha classificado apenas por POISED.;"npx mocha --grep ""AUTH-11""";;
AUTH-12;CRIT-49.2;AUTH;/auth/login;POST;test/auth.login.test.js;A;Alta;Senha gravada em texto puro na tabela de usuários;Frente de proteção de dados da POISED. A senha é gravada em texto puro por decisão do projeto, aparece como exemplo no próprio openapi.yaml e trafega em HTTP no ambiente local.;Consultar a tabela de usuários e conferir como a senha está gravada.;registro do usuario pamela na tabela de usuários;Registrar como risco conhecido, com plano de correção por hash bcrypt.;O contrato publica a credencial real como exemplo e não há servidor https declarado.;Depende de decisão do projeto. Hoje é risco aceito de forma consciente;Letra VADER atribuída na revisão de escopo: o caso vinha classificado apenas por POISED.;"npx mocha --grep ""AUTH-12""";;
PEDIDOS-01;AUTH-13, CRIT-35.1, CRIT-35.2, CRIT-35.3, CRIT-35.4, CRIT-35.5, CRIT-35.6, CRIT-35.7;PEDIDOS;/pedidos;POST;test/pedidos.test.js;A;Crítica;Endpoints protegidos recusam requisição sem token;A versão 2.0.0 declara security bearerAuth global, com security vazio apenas em POST /auth/login e GET /health. Este caso verifica se a declaração é efetiva em cada operação, e não só documental.;Repetir as sete operações protegidas sem o header Authorization.;POST e GET /pedidos, GET /pedidos/resumo, GET, PATCH e DELETE /pedidos/{id}, PATCH /pedidos/{id}/status;401 com codigo NAO_AUTENTICADO nas sete operações. Qualquer 200 significa endpoint que escapou do middleware, e é falha de severidade máxima.;;;;"npx mocha --grep ""PEDIDOS-01""";Passou;Execução de 2026-08-14: 8 execuções, todas verdes.
GERAL-01;AUTH-14, CRIT-44.1, CRIT-44.3, CRIT-44.4, CRIT-44.5;GERAL;Todos os endpoints protegidos;OTHER;test/geral.test.js;A;Crítica;Header Authorization malformado;Complementa o CRIT-35. Não basta exigir o header, é preciso validar assinatura e formato, senão qualquer texto vira credencial.;Repetir uma chamada protegida trocando o valor do header Authorization.;Bearer abc | Basic <token válido> | <token sem prefixo> | Bearer vazio;401 com codigo NAO_AUTENTICADO nas quatro. Um 500 no header vazio indica que o parser não trata o caso.;;;;"npx mocha --grep ""GERAL-01""";Passou;Execução de 2026-08-14: 1 execução, todas verdes.
GERAL-02;AUTH-15, CRIT-44.2;GERAL;Todos os endpoints protegidos;OTHER;test/geral.test.js;A;Crítica;Token com assinatura adulterada é recusado com 401;Complementa o CRIT-35. Não basta exigir o header, é preciso validar assinatura e formato, senão qualquer texto vira credencial.;Obter um token válido, alterar um caractere da assinatura e repetir a chamada. Enviar Authorization: Bearer <token> válido.;Bearer <token válido com um caractere da assinatura alterado>;401. Um 200 aqui significa que a verificação de assinatura do JWT não acontece, e é o pior resultado possível deste bloco.;;;;"npx mocha --grep ""GERAL-02""";Passou;Execução de 2026-08-14: 1 execução, todas verdes.
GERAL-03;AUTH-16, CRIT-45;GERAL;Todos os endpoints protegidos;OTHER;test/geral.test.js;A;Alta;Token expirado após a janela de 1 hora;O contrato promete validade de 1 hora. Verificar se a expiração é efetivamente checada, e não apenas anunciada no expiraEm.;Usar um token com claim exp no passado, assinado com o mesmo JWT_SECRET, em uma chamada protegida.;Bearer <token com exp vencido>;401 com codigo NAO_AUTENTICADO. Um 200 significa que a API confia no token indefinidamente.;O contrato não define se existe renovação de token nem endpoint de refresh.;Requer gerar token vencido com o JWT_SECRET do ambiente, ou aguardar 1 hora;;"npx mocha --grep ""GERAL-03""";Passou;Execução de 2026-08-14: 1 execução, todas verdes.
PEDIDOS-02;CRIA-01, CRIT-01;PEDIDOS;/pedidos;POST;test/pedidos.test.js;V;Alta;Criação válida com múltiplos itens nasce em RECEBIDO;Confirmar o caminho feliz do verbo documentado e as três regras que o contrato afirma serem garantidas pelo servidor: status inicial fixo, valorTotal calculado e carimbos de tempo preenchidos.;Enviar POST /pedidos com o payload de exemplo do contrato e validar corpo e cabeçalhos da resposta. Enviar Authorization: Bearer <token> válido.;cliente Maria Souza, Bowl de quinoa 2 x 28.90, Suco verde 1 x 12.50;201 com id gerado, status RECEBIDO, valorTotal 70.30, itens com id próprio, criadoEm igual a atualizadoEm em ISO 8601.;O contrato não declara o header Location nem Content-Type da resposta 201.;;;"npx mocha --grep ""PEDIDOS-02""";Passou;Execução de 2026-08-14: 1 execução, todas verdes.
PEDIDOS-03;CRIA-02, CRIT-02;PEDIDOS;/pedidos;POST;test/pedidos.test.js;D;Crítica;valorTotal enviado no corpo precisa ser ignorado pelo servidor;A descrição da operação afirma que qualquer valorTotal enviado é ignorado. Essa é a regra de negócio com maior impacto financeiro de toda a API e precisa de teste dedicado.;Criar o pedido do exemplo acrescentando valorTotal no corpo com um valor irrisório e conferir o valorTotal persistido via GET /pedidos/{id}. Enviar Authorization: Bearer <token> válido.;"payload válido + ""valorTotal"": 0.01";201 com valorTotal 70.30, recalculado. Refletir 0.01 significa permitir que o cliente defina o próprio preço.;O schema PedidoInput não lista valorTotal, mas também não declara additionalProperties false.;;;"npx mocha --grep ""PEDIDOS-03""";Passou;Execução de 2026-08-14: 1 execução, todas verdes.
PEDIDOS-04;CRIA-03, CRIT-03.1;PEDIDOS;/pedidos;POST;test/pedidos.test.js;D;Alta;Criação sem o campo cliente devolve 400 apontando cliente;Verificar se os required de PedidoInput (cliente, itens) e de ItemPedidoInput (nome, quantidade, precoUnitario) são efetivamente validados e reportados campo a campo.;Criar pedido omitindo o cliente. Enviar Authorization: Bearer <token> válido.;payload válido sem a propriedade cliente;"400 com codigo VALIDACAO e detalhes com campo ""cliente"".";;;;"npx mocha --grep ""PEDIDOS-04""";Passou;Execução de 2026-08-14: 1 execução, todas verdes.
PEDIDOS-05;CRIA-04, CRIT-03.2;PEDIDOS;/pedidos;POST;test/pedidos.test.js;D;Alta;Criação sem o array itens devolve 400 apontando itens;Verificar se os required de PedidoInput (cliente, itens) e de ItemPedidoInput (nome, quantidade, precoUnitario) são efetivamente validados e reportados campo a campo.;Criar pedido omitindo o array de itens. Enviar Authorization: Bearer <token> válido.;payload válido sem a propriedade itens;"400 com codigo VALIDACAO e detalhes com campo ""itens"".";;;;"npx mocha --grep ""PEDIDOS-05""";Passou;Execução de 2026-08-14: 1 execução, todas verdes.
PEDIDOS-06;CRIA-05, CRIT-03.3, CRIT-03.4, CRIT-03.5;PEDIDOS;/pedidos;POST;test/pedidos.test.js;D;Alta;Campo obrigatório ausente no item do pedido;Verificar se os required de PedidoInput (cliente, itens) e de ItemPedidoInput (nome, quantidade, precoUnitario) são efetivamente validados e reportados campo a campo.;Enviar três criações, omitindo um campo obrigatório do item por vez.;itens[0] sem nome | sem quantidade | sem precoUnitario;400 com codigo VALIDACAO em cada uma, com detalhes no formato itens[0].campo mostrado no exemplo do contrato.;;;;"npx mocha --grep ""PEDIDOS-06""";Falhou;Falhou, e é falha real da API — DEF-012. Obtido: caminho com ponto ('itens.0.nome', 'itens.0.quantidade', 'itens.0.precoUnitario') em vez de colchete ('itens[0].nome' etc.), como o exemplo do contrato promete. As 3 execuções, uma por campo obrigatório ausente, falharam da mesma forma.
PEDIDOS-07;CRIA-06, CRIT-04.1;PEDIDOS;/pedidos;POST;test/pedidos.test.js;D;Alta;Quantidade 1, o mínimo declarado, é aceita na criação;quantidade é integer com minimum 1. Testar o limite exato, o valor logo abaixo, o negativo e o não inteiro.;Criar pedido com quantidade 1. Enviar Authorization: Bearer <token> válido.;quantidade: 1;201. É o valor exato do minimum declarado e precisa ser aceito.;Não há maximum declarado para quantidade.;;;"npx mocha --grep ""PEDIDOS-07""";Passou;Execução de 2026-08-14: 1 execução, todas verdes.
PEDIDOS-08;CRIA-07, CRIT-04.2, CRIT-04.3, CRIT-04.4;PEDIDOS;/pedidos;POST;test/pedidos.test.js;D;Alta;Quantidade fora do domínio válido;quantidade é integer com minimum 1. Testar o limite exato, o valor logo abaixo, o negativo e o não inteiro.;Criar três pedidos variando apenas a quantidade do item.;quantidade: 0 | -1 | 1.5;400 com codigo VALIDACAO nas três. O schema declara integer com minimum 1, e meia unidade não existe no balcão.;Não há maximum declarado para quantidade.;;;"npx mocha --grep ""PEDIDOS-08""";Passou;Execução de 2026-08-14: 3 execuções, todas verdes.
PEDIDOS-09;CRIA-08, CRIT-04.5;PEDIDOS;/pedidos;POST;test/pedidos.test.js;D;Alta;Quantidade de 999999999 e o efeito no valorTotal calculado;quantidade é integer com minimum 1. Testar o limite exato, o valor logo abaixo, o negativo e o não inteiro.;Criar pedido com quantidade muito alta e conferir o valorTotal calculado. Enviar Authorization: Bearer <token> válido.;quantidade: 999999999;Definir um teto e aplicá-lo. Observar se o valorTotal sofre estouro ou perde precisão.;Não há maximum declarado para quantidade.;;;"npx mocha --grep ""PEDIDOS-09""";Falhou;Falhou, e é falha real da API — DEF-013. quantidade: 999999999 é válida pelo contrato, que não declara maximum para o campo. Obtido: 500 ERRO_INTERNO em vez do 201 esperado.
PEDIDOS-10;CRIA-09, CRIT-05.1;PEDIDOS;/pedidos;POST;test/pedidos.test.js;D;Alta;Preço unitário de um centavo é aceito na criação;precoUnitario é double com exclusiveMinimum 0, ou seja, zero deve ser rejeitado. O contrato não define regra de arredondamento para mais de duas casas decimais.;Criar pedido com preço de um centavo. Enviar Authorization: Bearer <token> válido.;precoUnitario: 0.01;201. Está acima do exclusiveMinimum e deve ser aceito.;Nenhum multipleOf nem número de casas decimais é declarado para valores monetários.;;;"npx mocha --grep ""PEDIDOS-10""";Passou;Execução de 2026-08-14: 1 execução, todas verdes.
PEDIDOS-11;CRIA-10, CRIT-05.2, CRIT-05.3;PEDIDOS;/pedidos;POST;test/pedidos.test.js;D;Alta;Preço unitário fora do domínio válido;precoUnitario é double com exclusiveMinimum 0, ou seja, zero deve ser rejeitado. O contrato não define regra de arredondamento para mais de duas casas decimais.;Criar dois pedidos, um com preço zero e outro com preço negativo.;precoUnitario: 0 | -10;400 nas duas. exclusiveMinimum 0 significa que zero é recusado, e não aceito.;Nenhum multipleOf nem número de casas decimais é declarado para valores monetários.;;;"npx mocha --grep ""PEDIDOS-11""";Passou;Execução de 2026-08-14: 2 execuções, todas verdes.
PEDIDOS-12;CRIA-11, CRIT-05.4, CRIT-05.5;PEDIDOS;/pedidos;POST;test/pedidos.test.js;D;Alta;Arredondamento monetário acima de duas casas decimais;precoUnitario é double com exclusiveMinimum 0, ou seja, zero deve ser rejeitado. O contrato não define regra de arredondamento para mais de duas casas decimais.;Criar pedidos com preços de três casas e conferir o total calculado.;precoUnitario: 28.905 | 0.001;Registrar e documentar a regra real de arredondamento observada no valorTotal. Um pedido de valor zero após arredondamento é venda sem receita.;Nenhum multipleOf nem escala decimal declarada para valores monetários. Nenhum multipleOf nem número de casas decimais é declarado para valores monetários.;;;"npx mocha --grep ""PEDIDOS-12""";Passou;Execução de 2026-08-14: 2 execuções, todas verdes.
PEDIDOS-13;CRIA-12, CRIT-07.1;PEDIDOS;/pedidos;POST;test/pedidos.test.js;D;Alta;Criação com array de itens vazio devolve 400 por minItems;itens declara minItems 1, mas nenhum maxItems. Um pedido com milhares de itens é aceito pelo contrato e pode derrubar a aplicação em uma única chamada.;Criar pedido sem nenhum item na lista. Enviar Authorization: Bearer <token> válido.;itens: [];400 com codigo VALIDACAO. minItems 1 recusa o array vazio.;Ausência de maxItems em itens e de qualquer limite de tamanho de corpo.;;;"npx mocha --grep ""PEDIDOS-13""";Passou;Execução de 2026-08-14: 1 execução, todas verdes.
PEDIDOS-14;CRIA-13, CRIT-07.2, PERF-06;PEDIDOS;/pedidos;POST;test/pedidos.test.js;D;Alta;Ausência de limite superior de itens no pedido;itens declara minItems 1, mas nenhum maxItems. Um pedido com milhares de itens é aceito pelo contrato e pode derrubar a aplicação em uma única chamada.;Criar um pedido com volume alto de itens medindo o tempo, e depois executar a escalada em k6.;itens com 5000 elementos | escalada 10, 100, 1000 e 5000 itens com 5 VUs;Definir e aplicar um teto, devolvendo 400 ou 413 acima dele. Degradação controlada, sem timeout sem resposta, sem 500 e sem queda do processo.;Ausência de maxItems em itens e de limite de tamanho de corpo. Nenhum limite de tamanho de corpo, de itens ou de taxa de requisições.;Pode indisponibilizar o ambiente. Executar isolado e monitorado.;;"npx mocha --grep ""PEDIDOS-14""";;
PEDIDOS-15;CRIA-14, CRIT-09.1, CRIT-09.3, CRIT-09.4;PEDIDOS;/pedidos;POST;test/pedidos.test.js;D;Crítica;Campos gerados pelo servidor enviados no corpo da criação;Além de valorTotal, o corpo pode tentar definir id, status, criadoEm e o id de cada item. Aceitar qualquer um deles quebra o modelo de estados da cozinha.;Criar pedido tentando definir id, criadoEm e o id do item, e conferir o recurso criado.;"payload válido + ""id"": 99, ""criadoEm"": ""2020-01-01T00:00:00Z"" e itens[0].id: 99";Campos ignorados. O id do pedido, o id de cada item e o carimbo de criação são do servidor, senão o histórico da cozinha vira ficção.;Nenhum schema declara additionalProperties false nem readOnly nos campos de servidor.;;;"npx mocha --grep ""PEDIDOS-15""";Passou;Execução de 2026-08-14: 1 execução, todas verdes.
PEDIDOS-16;CRIA-15, CRIT-09.2;PEDIDOS;/pedidos;POST;test/pedidos.test.js;D;Crítica;Status enviado na criação é ignorado e o pedido nasce RECEBIDO;Além de valorTotal, o corpo pode tentar definir id, status, criadoEm e o id de cada item. Aceitar qualquer um deles quebra o modelo de estados da cozinha.;Criar pedido tentando definir o status inicial. Enviar Authorization: Bearer <token> válido.;"payload válido + ""status"": ""ENTREGUE""";Campo ignorado e pedido nascendo RECEBIDO. Refletir ENTREGUE pularia todo o preparo.;Nenhum schema declara additionalProperties false nem readOnly nos campos de servidor.;;;"npx mocha --grep ""PEDIDOS-16""";;
PEDIDOS-17;CRIA-16, CRIT-10.1, CRIT-10.2, CRIT-10.3;PEDIDOS;/pedidos;POST;test/pedidos.test.js;E;Alta;Corpo malformado, ausente e nulo na criação;Verificar se um payload corrompido é tratado como erro de cliente e não como exceção interna, já que requestBody é required true.;Enviar três criações com corpo corrompido, ausente e literal null.;"{""cliente"": ""Maria"", ""itens"": [ | requisição sem corpo | null";400 com o schema ErroResponse nas três. Nunca 500 nem stack trace, já que requestBody é declarado required true.;;;;"npx mocha --grep ""PEDIDOS-17""";Passou;Execução de 2026-08-14: 3 execuções, todas verdes.
PEDIDOS-18;CRIA-17, CRIT-11;PEDIDOS;/pedidos;POST;test/pedidos.test.js;E;Alta;Idempotência na criação do pedido;Duplo clique da atendente ou reenvio por falha de rede é o cenário mais provável de erro operacional nesta API. Não existe chave de idempotência no contrato.;Enviar a mesma requisição duas vezes em sequência e listar os pedidos do cliente. Enviar Authorization: Bearer <token> válido.;mesmo payload enviado duas vezes;Documentar o comportamento real. Dois pedidos idênticos criados significa cobrança e preparo em duplicidade na cozinha.;Não há header de idempotência nem status 409 previsto no POST.;;;"npx mocha --grep ""PEDIDOS-18""";Passou;Execução de 2026-08-14: 1 execução, todas verdes.
PEDIDOS-19;CRIA-18, CRIT-12.1, CRIT-12.2, CRIT-12.3;PEDIDOS;/pedidos;POST;test/pedidos.test.js;D;Alta;Precisão do valorTotal em ponto flutuante;O tipo declarado é number format double. Somas de valores monetários em ponto flutuante produzem resíduos como 333.29999999999995.;Criar os três pedidos e comparar cada total com o valor esperado em duas casas.;10 x 33.33 | 3 x 0.10 | 7 x 1.15;valorTotal exatamente 333.30, 0.30 e 8.05. Qualquer casa decimal extra denuncia resíduo binário em valor monetário.;Valores monetários como double, sem definição de escala ou tipo decimal.;;Letra VADER atribuída na revisão de escopo: o caso vinha classificado apenas por POISED.;"npx mocha --grep ""PEDIDOS-19""";Passou;Execução de 2026-08-14: 1 execução, todas verdes.
PEDIDOS-20;CRIA-19, CRIT-14.1;PEDIDOS;/pedidos;POST;test/pedidos.test.js;D;Alta;Nome com acentuação completa volta idêntico no GET seguinte;Frente de sanitização da POISED. cliente e observacao são texto livre exibido na tela da cozinha e no comprovante do cliente.;Criar o pedido, recuperar por GET e comparar o texto devolvido. Enviar Authorization: Bearer <token> válido.;"cliente: ""João Gonçalves d'Ávila""";201 e, no GET seguinte, o nome idêntico byte a byte, em UTF-8.;Não há pattern nem política de sanitização declarada para campos de texto livre.;;;"npx mocha --grep ""PEDIDOS-20""";;
PEDIDOS-21;CRIA-20, CRIT-14.2;PEDIDOS;/pedidos;POST;test/pedidos.test.js;D;Alta;Emoji na observação é preservado ou recusado, nunca truncado;Frente de sanitização da POISED. cliente e observacao são texto livre exibido na tela da cozinha e no comprovante do cliente.;Criar o pedido com emoji e conferir o retorno. Enviar Authorization: Bearer <token> válido.;"observacao: ""Sem cebola 🥗""";Texto preservado ou rejeitado de forma explícita. Nunca truncado no meio do caractere.;Não há pattern nem política de sanitização declarada para campos de texto livre.;;;"npx mocha --grep ""PEDIDOS-21""";;
PEDIDOS-22;CRIA-21, CRIT-14.3, CRIT-14.4, CRIT-14.5;PEDIDOS;/pedidos;POST;test/pedidos.test.js;D;Alta;Conteúdo malicioso em campos de texto livre;Frente de sanitização da POISED. cliente e observacao são texto livre exibido na tela da cozinha e no comprovante do cliente.;Criar os três pedidos e conferir como cada valor volta no GET seguinte.;"cliente: ""<script>alert(1)</script>"" | ""' OR 1=1 --"" | observacao: ""${7*7}""";Armazenado como texto puro nas três e devolvido escapado. A tela da cozinha não pode executar script, um 500 indica concatenação de query, e voltar 49 indica avaliação de template no servidor.;Não há pattern nem política de sanitização declarada para campos de texto livre.;;;"npx mocha --grep ""PEDIDOS-22""";;
PEDIDOS-23;CONS-01, CRIT-15.1;PEDIDOS;/pedidos;GET;test/pedidos.test.js;D;Alta;Filtro status fora do enum devolve 400 STATUS_INVALIDO;O parâmetro status é opcional e restrito ao enum StatusPedido. O contrato documenta 400 STATUS_INVALIDO, mas não trata caixa, valor vazio nem repetição do parâmetro.;Listar pedidos filtrando por um status inexistente. Enviar Authorization: Bearer <token> válido.;?status=FINALIZADO;400 com codigo STATUS_INVALIDO e a mensagem citando o valor recebido.;Sensibilidade a maiúsculas, parâmetro vazio e parâmetro repetido não especificados.;;;"npx mocha --grep ""PEDIDOS-23""";;
PEDIDOS-24;CONS-02, CRIT-15.2;PEDIDOS;/pedidos;GET;test/pedidos.test.js;D;Alta;Filtro status em caixa baixa: aceitar ou recusar não está definido;O parâmetro status é opcional e restrito ao enum StatusPedido. O contrato documenta 400 STATUS_INVALIDO, mas não trata caixa, valor vazio nem repetição do parâmetro.;Listar pedidos com o status em minúsculas. Enviar Authorization: Bearer <token> válido.;?status=recebido;Definir e padronizar: aceitar ou recusar com 400. Registrar o comportamento real.;Sensibilidade a maiúsculas não especificada.;;;"npx mocha --grep ""PEDIDOS-24""";;
PEDIDOS-25;CONS-03, CRIT-15.3;PEDIDOS;/pedidos;GET;test/pedidos.test.js;D;Alta;Filtro status com espaço no fim: não está definido se há trim;O parâmetro status é opcional e restrito ao enum StatusPedido. O contrato documenta 400 STATUS_INVALIDO, mas não trata caixa, valor vazio nem repetição do parâmetro.;Listar pedidos com espaço no fim do valor. Enviar Authorization: Bearer <token> válido.;?status=RECEBIDO%20;Definir se há trim. Um 400 aqui frustraria integração que monta a query com espaço.;Sensibilidade a maiúsculas, parâmetro vazio e parâmetro repetido não especificados.;;;"npx mocha --grep ""PEDIDOS-25""";;
PEDIDOS-26;CONS-04, CRIT-15.4;PEDIDOS;/pedidos;GET;test/pedidos.test.js;D;Alta;Filtro status presente e sem valor: filtro ausente ou valor inválido?;O parâmetro status é opcional e restrito ao enum StatusPedido. O contrato documenta 400 STATUS_INVALIDO, mas não trata caixa, valor vazio nem repetição do parâmetro.;Listar pedidos com o parâmetro presente e sem valor. Enviar Authorization: Bearer <token> válido.;?status=;Definir: tratar como filtro ausente ou como valor inválido. Registrar o comportamento real.;Parâmetro vazio não especificado.;;;"npx mocha --grep ""PEDIDOS-26""";;
PEDIDOS-27;CONS-05, CRIT-15.5;PEDIDOS;/pedidos;GET;test/pedidos.test.js;D;Alta;Filtro status repetido na query: qual dos valores vale?;O parâmetro status é opcional e restrito ao enum StatusPedido. O contrato documenta 400 STATUS_INVALIDO, mas não trata caixa, valor vazio nem repetição do parâmetro.;Listar pedidos repetindo o parâmetro status. Enviar Authorization: Bearer <token> válido.;?status=RECEBIDO&status=PRONTO;Definir a regra: primeiro valor, último valor ou 400. Sem definição, integrações divergem.;Parâmetro repetido não especificado.;;;"npx mocha --grep ""PEDIDOS-27""";;
PEDIDOS-28;CONS-06, CRIT-16.1;PEDIDOS;/pedidos;GET;test/pedidos.test.js;R;Alta;Listagem sem filtro devolve array com o schema Pedido completo;Verificar se cada elemento do array respeita o schema Pedido completo e se o filtro devolve exatamente o subconjunto correspondente.;Listar pedidos sem filtro e validar o schema de cada elemento. Enviar Authorization: Bearer <token> válido.;nenhum parâmetro;200 com array, cada elemento respeitando o schema Pedido completo, com todos os campos required.;O contrato não define ordenação padrão da lista.;Depende da massa criada em CRIT-22 e CRIT-29;;"npx mocha --grep ""PEDIDOS-28""";;
PEDIDOS-29;CONS-07, CRIT-16.2, CRIT-16.3, CRIT-16.4, CRIT-16.5, CRIT-16.6;PEDIDOS;/pedidos;GET;test/pedidos.test.js;R;Alta;Filtro por cada status do enum devolve o subconjunto correto;Verificar se cada elemento do array respeita o schema Pedido completo e se o filtro devolve exatamente o subconjunto correspondente.;Listar filtrando por cada um dos cinco valores do enum e conferir o status de cada elemento.;?status= RECEBIDO, EM_PREPARO, PRONTO, ENTREGUE e CANCELADO;Cada filtro devolve 200 contendo apenas pedidos daquele status, e a soma dos cinco iguala a lista completa sem filtro.;O contrato não define ordenação padrão da lista.;Depende da massa criada em CRIT-22 e CRIT-29;;"npx mocha --grep ""PEDIDOS-29""";;
PEDIDOS-30;CONS-08, CRIT-17, PERF-01;PEDIDOS;/pedidos;GET;test/pedidos.test.js;R;Alta;Ausência de paginação na listagem de pedidos;GET /pedidos lista todos os pedidos sem page, size ou limit. O volume cresce indefinidamente com a operação diária da cozinha.;Popular a base, medir a listagem sem filtro e depois executar o cenário de carga em k6.;base com 5000 pedidos | 30 VUs por 5 minutos sobre a listagem;Definir paginação ou teto de retorno. Thresholds sugeridos para o cenário em carga: p95 abaixo de 500 ms e falhas abaixo de 1 por cento. Registrar tempo e tamanho do payload.;Nenhum parâmetro de paginação, ordenação ou recorte por período. Sem paginação, o custo da listagem cresce linearmente com a operação.;Requer massa em volume. Executar em ambiente dedicado. Requer massa de 5000 pedidos e ambiente dedicado;Letra VADER atribuída na revisão de escopo: o caso vinha classificado apenas por POISED.;"npx mocha --grep ""PEDIDOS-30""";;
RESUMO-01;CONS-09, CRIT-19.1;RESUMO;/pedidos/resumo;GET;test/pedidos.resumo.test.js;E;Crítica;GET /pedidos/resumo devolve ResumoPedidos, e não 404 de pedido;As duas rotas competem pelo mesmo segmento. Se a rota parametrizada for registrada primeiro, resumo é tratado como id e o endpoint de resumo deixa de existir.;Consultar o resumo e comparar o corpo com o schema ResumoPedidos. Enviar Authorization: Bearer <token> válido.;GET /pedidos/resumo;200 com o objeto ResumoPedidos. Um 404 PEDIDO_NAO_ENCONTRADO revela que a rota parametrizada capturou o segmento.;O contrato não sinaliza a precedência entre a rota literal e a parametrizada.;;;"npx mocha --grep ""RESUMO-01""";Passou;Execução de 2026-08-14: 1 execução, todas verdes.
RESUMO-02;CONS-10, CRIT-19.3;RESUMO;/pedidos/resumo;GET;test/pedidos.resumo.test.js;E;Crítica;GET /pedidos/resumo com barra final tem comportamento consistente;As duas rotas competem pelo mesmo segmento. Se a rota parametrizada for registrada primeiro, resumo é tratado como id e o endpoint de resumo deixa de existir.;Consultar o resumo com barra no fim. Enviar Authorization: Bearer <token> válido.;GET /pedidos/resumo/;200, ou 404 consistente. Registrar o comportamento, porque cliente HTTP às vezes acrescenta a barra.;O contrato não sinaliza a precedência entre a rota literal e a parametrizada.;;;"npx mocha --grep ""RESUMO-02""";Passou;Execução de 2026-08-14: 1 execução, todas verdes.
RESUMO-03;CONS-11, CRIT-20.1;RESUMO;/pedidos/resumo;GET;test/pedidos.resumo.test.js;R;Alta;Contagens do resumo batem com a listagem filtrada por status;O resumo é o painel da cozinha. Precisa refletir exatamente a base e ter estrutura estável mesmo quando um status tem zero pedidos.;Consultar o resumo e comparar cada contagem com o GET /pedidos filtrado. Enviar Authorization: Bearer <token> válido.;base com pedidos em todos os cinco status;Cada chave do resumo igual ao tamanho da lista filtrada pelo status correspondente, e a soma igual ao total.;Resolvida na 2.0.0: ResumoPedidos passou a declarar required com os cinco status.;;;"npx mocha --grep ""RESUMO-03""";Passou;Execução de 2026-08-14: 1 execução, todas verdes.
RESUMO-04;CONS-12, CRIT-20.2;RESUMO;/pedidos/resumo;GET;test/pedidos.resumo.test.js;R;Alta;Resumo com a base vazia devolve as cinco chaves em zero;O resumo é o painel da cozinha. Precisa refletir exatamente a base e ter estrutura estável mesmo quando um status tem zero pedidos.;Reiniciar a base e consultar o resumo. Enviar Authorization: Bearer <token> válido.;base recém-reiniciada;As cinco chaves presentes, todas com 0. A 2.0.0 declarou todas como required.;Resolvida na 2.0.0: ResumoPedidos passou a declarar required com os cinco status.;Exige ambiente reiniciável;;"npx mocha --grep ""RESUMO-04""";;
PEDIDO-ID-01;CONS-13, CRIT-18.1;PEDIDO-ID;/pedidos/{id};GET;test/pedidos.id.test.js;E;Alta;Busca de pedido inexistente devolve 404 PEDIDO_NAO_ENCONTRADO;O parâmetro id é declarado como integer, sem mínimo. Verificar o 404 documentado e o tratamento de valores que não são id válidos.;Buscar um pedido que não existe. Enviar Authorization: Bearer <token> válido.;id 999999;404 com codigo PEDIDO_NAO_ENCONTRADO e a mensagem citando o id.;400 não está documentado em GET /pedidos/{id}, apenas 200 e 404.;;;"npx mocha --grep ""PEDIDO-ID-01""";;
PEDIDO-ID-02;CONS-14, CRIT-18.2, CRIT-18.3, CRIT-18.6;PEDIDO-ID;/pedidos/{id};GET;test/pedidos.id.test.js;E;Alta;Busca por id fora da faixa válida;O parâmetro id é declarado como integer, sem mínimo. Verificar o 404 documentado e o tratamento de valores que não são id válidos.;Buscar o pedido com cada valor de id fora da faixa.;id 0 | -1 | 9999999999999999999;400 ou 404, de forma consistente entre os três e com os demais endpoints. Jamais 500 por estouro de conversão numérica.;400 não está documentado em GET /pedidos/{id}, apenas 200 e 404.;;;"npx mocha --grep ""PEDIDO-ID-02""";;
PEDIDO-ID-03;CONS-15, CRIT-18.4, CRIT-18.5, CRIT-19.2;PEDIDO-ID;/pedidos/{id};GET;test/pedidos.id.test.js;E;Alta;Busca por id com tipo inválido;O parâmetro id é declarado como integer, sem mínimo. Verificar o 404 documentado e o tratamento de valores que não são id válidos.;Buscar o pedido com id textual e com id decimal.;id abc | 1.5 | GET /pedidos/abc;400 por tipo inválido. O parâmetro é declarado integer. Jamais 500 por falha de conversão, e nunca o corpo do resumo.;400 não está documentado em GET /pedidos/{id}. 400 não está documentado em GET /pedidos/{id}, apenas 200 e 404. O contrato não sinaliza a precedência entre a rota literal e a parametrizada.;;;"npx mocha --grep ""PEDIDO-ID-03""";;
PEDIDO-ID-04;EDIC-01, CRIT-50.1, CRIT-50.2;PEDIDO-ID;/pedidos/{id};PATCH;test/pedidos.id.test.js;V;Alta;Edição parcial altera apenas o campo enviado;Caminho feliz do endpoint novo. Alteração parcial precisa alterar só o que foi enviado e preservar todo o restante do pedido.;Editar apenas o cliente e, em outro pedido, apenas a observação, comparando o corpo antes e depois.;"{ ""cliente"": ""Maria Souza Andrade"" } | { ""observacao"": ""Sem cebola, capricha na pimenta"" }";200 com o campo alterado e todos os demais preservados. atualizadoEm renovado, criadoEm, status, valorTotal e itens intactos.;;;;"npx mocha --grep ""PEDIDO-ID-04""";;
PEDIDO-ID-05;EDIC-02, CRIT-51;PEDIDO-ID;/pedidos/{id};PATCH;test/pedidos.id.test.js;D;Crítica;Substituição de itens recalcula o valorTotal no servidor;O contrato diz que itens substitui a lista inteira e o valorTotal é recalculado pela mesma regra do POST. É a regra de maior impacto financeiro do endpoint novo.;Editar um pedido de 70.30 trocando a lista de itens por uma de valor conhecido e diferente, e conferir o valorTotal devolvido e o persistido. Enviar Authorization: Bearer <token> válido.;itens substituídos por 3 x 15.00, total esperado 45.00;200 com valorTotal 45.00 e a lista antiga completamente descartada, sem itens remanescentes nem soma acumulada.;O contrato não diz se os ids dos itens são reaproveitados ou gerados de novo na substituição.;;;"npx mocha --grep ""PEDIDO-ID-05""";Passou;Execução de 2026-08-14: 1 execução, todas verdes.
PEDIDO-ID-06;EDIC-03, CRIT-52.1;PEDIDO-ID;/pedidos/{id};PATCH;test/pedidos.id.test.js;D;Alta;PATCH com corpo vazio devolve 400 por minProperties;PatchPedidoInput declara minProperties 1, mas os campos de servidor são ignorados em vez de recusados. Um corpo com apenas status satisfaz o minProperties e ainda assim não altera nada.;Editar um pedido enviando corpo vazio. Enviar Authorization: Bearer <token> válido.;{};400 com codigo VALIDACAO. minProperties 1 recusa o objeto vazio.;minProperties 1 é satisfeito por campos que serão ignorados, então o contrato aceita um corpo que na prática é vazio.;;;"npx mocha --grep ""PEDIDO-ID-06""";;
PEDIDO-ID-07;EDIC-04, CRIT-52.2, CRIT-52.3, CRIT-52.4;PEDIDO-ID;/pedidos/{id};PATCH;test/pedidos.id.test.js;D;Alta;Corpo contendo apenas campos que o contrato manda ignorar;PatchPedidoInput declara minProperties 1, mas os campos de servidor são ignorados em vez de recusados. Um corpo com apenas status satisfaz o minProperties e ainda assim não altera nada.;Editar um pedido enviando apenas campos de servidor, um por requisição.;"{ ""status"": ""ENTREGUE"" } | { ""valorTotal"": 0.01 } | { ""id"": 99 }";Definir e padronizar: 400 por não haver campo alterável, ou 200 sem alteração alguma. minProperties 1 é satisfeito por campos que serão descartados, então o contrato aceita um corpo que na prática é vazio.;minProperties 1 é satisfeito por campos que serão ignorados, então o contrato aceita um corpo que na prática é vazio.;;;"npx mocha --grep ""PEDIDO-ID-07""";;
PEDIDO-ID-08;EDIC-05, CRIT-53;PEDIDO-ID;/pedidos/{id};PATCH;test/pedidos.id.test.js;D;Crítica;Campos de servidor não podem escapar pelo endpoint de edição;Este endpoint é a segunda porta de entrada para status e valorTotal. Se ele os aceitar, contorna a máquina de estados e o cálculo do servidor de uma vez.;Editar um pedido RECEBIDO enviando cliente válido acompanhado de status, valorTotal, criadoEm e id, e conferir o recurso resultante. Enviar Authorization: Bearer <token> válido.;{ cliente: Ana, status: ENTREGUE, valorTotal: 0.01, id: 99 };Cliente alterado e todo o resto intacto: status segue RECEBIDO, valorTotal segue calculado e o id não muda. Refletir qualquer um deles é falha de severidade máxima.;PatchPedidoInput não declara additionalProperties false, apenas descreve que os campos são ignorados.;;;"npx mocha --grep ""PEDIDO-ID-08""";Passou;Execução de 2026-08-14: 1 execução, todas verdes.
PEDIDO-ID-09;EDIC-06, CRIT-54.1, CRIT-54.2, CRIT-54.3;PEDIDO-ID;/pedidos/{id};PATCH;test/pedidos.id.test.js;E;Crítica;Edição bloqueada nos status não permitidos;A regra nova diz que só se edita em RECEBIDO ou EM_PREPARO. Depois de PRONTO a comida já foi feita, então alterar itens mudaria o valor de algo já produzido.;Levar pedidos a cada um dos três status bloqueados e tentar editar.;pedido em PRONTO | ENTREGUE | CANCELADO;409 com codigo TRANSICAO_INVALIDA nos três, citando o status atual, e o pedido inalterado após cada tentativa.;;;;"npx mocha --grep ""PEDIDO-ID-09""";Passou;Execução de 2026-08-14: 1 execução, todas verdes.
PEDIDO-ID-10;EDIC-07, CRIT-55.1, CRIT-55.2;PEDIDO-ID;/pedidos/{id};PATCH;test/pedidos.id.test.js;D;Alta;Bordas de quantidade no PATCH espelhando o POST;O contrato repete os mesmos limites de PedidoInput no PatchPedidoInput. Validação duplicada costuma divergir com o tempo, então vale conferir campo a campo.;Editar os itens com quantidade inválida e comparar o erro com o do POST.;itens com quantidade 0 | 1.5;400 com a mesma mensagem e o mesmo formato de detalhes que o POST devolve.;;;;"npx mocha --grep ""PEDIDO-ID-10""";;
PEDIDO-ID-11;EDIC-08, CRIT-55.3, CRIT-55.4;PEDIDO-ID;/pedidos/{id};PATCH;test/pedidos.id.test.js;D;Alta;Bordas de preço no PATCH espelhando o POST;O contrato repete os mesmos limites de PedidoInput no PatchPedidoInput. Validação duplicada costuma divergir com o tempo, então vale conferir campo a campo.;Editar os itens com preço inválido.;itens com precoUnitario 0 | -10;400, idêntico ao POST.;;;;"npx mocha --grep ""PEDIDO-ID-11""";;
PEDIDO-ID-12;EDIC-09, CRIT-55.5, CRIT-55.6;PEDIDO-ID;/pedidos/{id};PATCH;test/pedidos.id.test.js;D;Alta;Limites de tamanho no PATCH espelhando o POST;O contrato repete os mesmos limites de PedidoInput no PatchPedidoInput. Validação duplicada costuma divergir com o tempo, então vale conferir campo a campo.;Editar cliente e observação acima do maxLength.;cliente com 121 caracteres | observacao com 281 caracteres;400, idêntico ao POST.;;;;"npx mocha --grep ""PEDIDO-ID-12""";;
PEDIDO-ID-13;EDIC-10, CRIT-55.7;PEDIDO-ID;/pedidos/{id};PATCH;test/pedidos.id.test.js;D;Alta;PATCH com array de itens vazio devolve 400, como no POST;O contrato repete os mesmos limites de PedidoInput no PatchPedidoInput. Validação duplicada costuma divergir com o tempo, então vale conferir campo a campo.;Editar enviando lista de itens vazia. Enviar Authorization: Bearer <token> válido.;"{ ""itens"": [] }";400. O PatchPedidoInput também declara minItems 1.;;;;"npx mocha --grep ""PEDIDO-ID-13""";;
STATUS-01;STAT-01, CRIT-21.1;STATUS;/pedidos/{id}/status;PATCH;test/pedidos.status.test.js;D;Alta;Ação fora do enum devolve 400 e não altera o status do pedido;AcaoStatusInput exige acao com valores AVANCAR ou RETROCEDER. Verificar a validação antes de qualquer efeito sobre o pedido.;Enviar uma ação inexistente e conferir depois que o status permaneceu. Enviar Authorization: Bearer <token> válido.;"{ ""acao"": ""CANCELAR"" }";400 com codigo VALIDACAO e detalhes no campo acao. O status do pedido não pode mudar.;;;;"npx mocha --grep ""STATUS-01""";Passou;Execução de 2026-08-14: 1 execução, todas verdes.
STATUS-02;STAT-02, CRIT-21.2;STATUS;/pedidos/{id}/status;PATCH;test/pedidos.status.test.js;D;Alta;Ação em caixa baixa: aceitar ou recusar não está definido;AcaoStatusInput exige acao com valores AVANCAR ou RETROCEDER. Verificar a validação antes de qualquer efeito sobre o pedido.;Enviar a ação em minúsculas. Enviar Authorization: Bearer <token> válido.;"{ ""acao"": ""avancar"" }";Definir e padronizar. Registrar o comportamento real.;;;;"npx mocha --grep ""STATUS-02""";Passou;Execução de 2026-08-14: 1 execução, todas verdes.
STATUS-03;STAT-03, CRIT-21.3, CRIT-21.4, CRIT-21.5, CRIT-21.6;STATUS;/pedidos/{id}/status;PATCH;test/pedidos.status.test.js;D;Alta;Ação vazia, nula, com tipo errado e corpo ausente;AcaoStatusInput exige acao com valores AVANCAR ou RETROCEDER. Verificar a validação antes de qualquer efeito sobre o pedido.;Enviar quatro transições variando o campo acao e conferir depois que o status permaneceu.;"{ ""acao"": """" } | null | 1 | {}";400 com codigo VALIDACAO nas quatro, e o status do pedido inalterado após cada tentativa.;;;;"npx mocha --grep ""STATUS-03""";Passou;Execução de 2026-08-14: 1 execução, todas verdes.
STATUS-04;STAT-04, CRIT-22.1;STATUS;/pedidos/{id}/status;PATCH;test/pedidos.status.test.js;V;Crítica;Avanço de RECEBIDO até ENTREGUE, uma casa por vez;Percorrer a máquina de estados documentada em ambos os sentidos, confirmando que cada transição é de uma casa por vez e que os carimbos de tempo reagem corretamente.;Criar um pedido e avançar três vezes, conferindo o status a cada passo. Enviar Authorization: Bearer <token> válido.;acao AVANCAR três vezes, a partir de RECEBIDO;200 a cada passo, uma casa por vez: EM_PREPARO, PRONTO e ENTREGUE. atualizadoEm muda em toda transição e criadoEm permanece.;;;;"npx mocha --grep ""STATUS-04""";Passou;Execução de 2026-08-14: 1 execução, todas verdes.
STATUS-05;STAT-05, CRIT-22.2;STATUS;/pedidos/{id}/status;PATCH;test/pedidos.status.test.js;V;Crítica;Retrocesso de PRONTO até RECEBIDO, uma casa por vez;Percorrer a máquina de estados documentada em ambos os sentidos, confirmando que cada transição é de uma casa por vez e que os carimbos de tempo reagem corretamente.;Levar um pedido até PRONTO e retroceder duas vezes. Enviar Authorization: Bearer <token> válido.;acao RETROCEDER duas vezes, a partir de PRONTO;200 a cada passo, voltando para EM_PREPARO e depois RECEBIDO.;;;;"npx mocha --grep ""STATUS-05""";Passou;Execução de 2026-08-14: 1 execução, todas verdes.
STATUS-06;STAT-06, CRIT-23.1, CRIT-23.2;STATUS;/pedidos/{id}/status;PATCH;test/pedidos.status.test.js;E;Crítica;ENTREGUE como estado final nos dois sentidos;A descrição afirma que ENTREGUE não avança nem retrocede. O exemplo do 409 cobre apenas o avanço, deixando o retrocesso sem confirmação documental.;Levar um pedido até ENTREGUE e tentar avançar e retroceder.;pedido em ENTREGUE, acao AVANCAR | RETROCEDER;409 com codigo TRANSICAO_INVALIDA nas duas, e o pedido permanece ENTREGUE. O contrato só exemplifica o avanço, então o retrocesso é lacuna.;O exemplo do 409 só cita o avanço a partir de ENTREGUE.;;;"npx mocha --grep ""STATUS-06""";Falhou;Falhou, e é falha real da API — DEF-007. RETROCEDER a partir de ENTREGUE, estado final declarado no contrato, foi aceito com 200 em vez de recusado com 409 TRANSICAO_INVALIDA.
STATUS-07;STAT-07, CRIT-24;STATUS;/pedidos/{id}/status;PATCH;test/pedidos.status.test.js;E;Alta;Retrocesso a partir de RECEBIDO, o primeiro estado;RECEBIDO é a ponta inicial da cadeia. O contrato descreve o retrocesso de forma genérica e não define o que acontece na borda inferior.;Criar um pedido e enviar RETROCEDER imediatamente. Enviar Authorization: Bearer <token> válido.;pedido em RECEBIDO, acao RETROCEDER;409 com codigo TRANSICAO_INVALIDA. Um 200 mantendo RECEBIDO seria aceitável apenas se documentado, e um status nulo é defeito.;A borda inferior da máquina de estados não está especificada.;;;"npx mocha --grep ""STATUS-07""";Passou;Execução de 2026-08-14: 1 execução, todas verdes.
STATUS-08;STAT-08, CRIT-25.1, CRIT-25.2;STATUS;/pedidos/{id}/status;PATCH;test/pedidos.status.test.js;E;Crítica;Transição de status em pedido CANCELADO nos dois sentidos;CANCELADO pertence ao enum mas está fora da cadeia linear descrita. O contrato não define se um pedido cancelado pode voltar ao fluxo.;Cancelar um pedido e tentar avançar e retroceder.;pedido em CANCELADO, acao AVANCAR | RETROCEDER;409 com codigo TRANSICAO_INVALIDA nas duas. Reativar faria a cozinha preparar item já baixado, e o retrocesso é a variação mais provável de escapar, porque parece um desfazer.;CANCELADO não aparece na cadeia RECEBIDO até ENTREGUE descrita na operação.;Depende do cancelamento validado em CRIT-29;;"npx mocha --grep ""STATUS-08""";Passou;Execução de 2026-08-14: 1 execução, todas verdes.
STATUS-09;STAT-09, CRIT-26, PERF-04;STATUS;/pedidos/{id}/status;PATCH;test/pedidos.status.test.js;E;Alta;Concorrência no avanço de status do mesmo pedido;Dois terminais podem avançar o mesmo pedido ao mesmo tempo. Sem controle de concorrência, o pedido pode pular estados.;Disparar dois PATCH AVANCAR em paralelo e, em seguida, o cenário de concorrência em k6.;duas requisições simultâneas | 20 VUs simultâneos sobre um único pedido;Uma única transição bem sucedida por casa. Estado final coerente com o número de avanços aceitos, sem pulo de etapa e sem 500.;Não há ETag, versão do recurso nem qualquer controle de concorrência otimista. Ausência de controle de concorrência otimista no contrato.;Requer disparo paralelo. Também coberto por PERF-04. Depende do resultado de CRIT-26;;"npx mocha --grep ""STATUS-09""";Passou;Execução de 2026-08-14: 1 execução, todas verdes.
STATUS-10;STAT-10, CRIT-28;STATUS;/pedidos/{id}/status;PATCH;test/pedidos.status.test.js;R;Alta;Integridade dos dados do pedido após a transição;A resposta do PATCH devolve o Pedido completo. Nenhum dado além de status e atualizadoEm deveria mudar.;Guardar o corpo do pedido antes da transição e comparar campo a campo com o corpo devolvido pelo PATCH e pelo GET seguinte. Enviar Authorization: Bearer <token> válido.;pedido com 2 itens, observacao preenchida;cliente, observacao, valorTotal, itens e criadoEm idênticos. Apenas status e atualizadoEm mudam.;;;;"npx mocha --grep ""STATUS-10""";Passou;Execução de 2026-08-14: 1 execução, todas verdes.
PEDIDO-ID-14;CANC-01, CRIT-29.1, CRIT-29.2, CRIT-29.3;PEDIDO-ID;/pedidos/{id};DELETE;test/pedidos.id.test.js;V;Crítica;Cancelamento a partir de cada status ativo;O DELETE é semanticamente uma transição para CANCELADO, não uma exclusão. Precisa funcionar a partir dos três status ativos.;Cancelar três pedidos, um em cada status ativo.;pedido em RECEBIDO | EM_PREPARO | PRONTO;200 nos três, com status CANCELADO e atualizadoEm renovado. Em PRONTO a comida já foi feita, então vale observar se há registro do desperdício.;;;;"npx mocha --grep ""PEDIDO-ID-14""";Passou;Execução de 2026-08-14: 1 execução, todas verdes.
PEDIDO-ID-15;CANC-02, CRIT-30.1;PEDIDO-ID;/pedidos/{id};DELETE;test/pedidos.id.test.js;E;Crítica;Cancelamento de pedido ENTREGUE devolve 409 TRANSICAO_INVALIDA;A operação declara que pedidos ENTREGUE ou já CANCELADO não podem ser cancelados. O segundo caso também cobre idempotência do verbo destrutivo.;Levar um pedido até ENTREGUE e tentar cancelar. Enviar Authorization: Bearer <token> válido.;pedido em ENTREGUE;409 com codigo TRANSICAO_INVALIDA. É o caso exemplificado no contrato.;;;;"npx mocha --grep ""PEDIDO-ID-15""";Passou;Execução de 2026-08-14: 1 execução, todas verdes.
PEDIDO-ID-16;CANC-03, CRIT-30.2;PEDIDO-ID;/pedidos/{id};DELETE;test/pedidos.id.test.js;E;Crítica;Cancelamento repetido devolve 409 na segunda chamada;A operação declara que pedidos ENTREGUE ou já CANCELADO não podem ser cancelados. O segundo caso também cobre idempotência do verbo destrutivo.;Cancelar um pedido e repetir o DELETE. Enviar Authorization: Bearer <token> válido.;mesmo DELETE enviado duas vezes;409 na segunda chamada. Um 200 indica reprocessamento de baixa já efetuada.;;;;"npx mocha --grep ""PEDIDO-ID-16""";Passou;Execução de 2026-08-14: 1 execução, todas verdes.
PEDIDO-ID-17;CANC-04, CRIT-32;PEDIDO-ID;/pedidos/{id};DELETE;test/pedidos.id.test.js;R;Alta;Cancelamento é lógico e permanece rastreável;Verificar se o pedido cancelado continua existindo para consulta, filtro e resumo, preservando o histórico financeiro da cozinha.;Cancelar um pedido e, em seguida, consultá-lo por id, filtrá-lo por status CANCELADO e conferir o resumo. Enviar Authorization: Bearer <token> válido.;pedido cancelado com valorTotal 70.30;200 no GET com status CANCELADO, presença no filtro e incremento na chave CANCELADO do resumo. valorTotal e itens preservados.;O contrato não diz se o pedido cancelado deve sair da listagem padrão.;;;"npx mocha --grep ""PEDIDO-ID-17""";;
AUTH-13;SIST-01, CRIT-33.7;AUTH;/auth/login;GET;test/auth.login.test.js;V;Crítica;GET em /auth/login devolve 405 e recusa credencial na query;Nenhuma operação do contrato declara 405. Verificar se verbos ausentes são recusados, em especial os destrutivos e os de escrita.;Enviar GET no login com as credenciais na query.;GET /auth/login?usuario=pamela&senha=1234;405 com header Allow contendo POST e OPTIONS, sem exigir token. Um 200 significaria credencial em query string, gravada em log de servidor, proxy e histórico do navegador.;Resolvida na 2.1.0: 405 passou a ser declarado em todas as operações, com o componente MetodoNaoPermitido e o header Allow documentado.;;;"npx mocha --grep ""AUTH-13""";Passou;Execução de 2026-08-14: 1 execução, todas verdes.
PEDIDOS-31;SIST-02, CRIT-33.1, CRIT-33.2;PEDIDOS;/pedidos;PUT;test/pedidos.test.js;V;Alta;Verbos de escrita não documentados na coleção de pedidos;Nenhuma operação do contrato declara 405. Verificar se verbos ausentes são recusados, em especial os destrutivos e os de escrita.;Enviar PUT e DELETE na rota de coleção.;PUT /pedidos | DELETE /pedidos;405 com header Allow contendo GET, HEAD, POST e OPTIONS nos dois verbos, sem exigir token. Um 200 no DELETE poderia apagar a coleção inteira.;Resolvida na 2.1.0: 405 passou a ser declarado em todas as operações, com o componente MetodoNaoPermitido e o header Allow documentado.;;;"npx mocha --grep ""PEDIDOS-31""";;
RESUMO-05;SIST-03, CRIT-33.5;RESUMO;/pedidos/resumo;DELETE;test/pedidos.resumo.test.js;V;Alta;DELETE em /pedidos/resumo devolve 405 com Allow de GET, HEAD e OPTIONS;Nenhuma operação do contrato declara 405. Verificar se verbos ausentes são recusados, em especial os destrutivos e os de escrita.;Enviar DELETE na rota de resumo. Enviar Authorization: Bearer <token> válido.;DELETE /pedidos/resumo;405 com header Allow contendo GET, HEAD e OPTIONS, sem exigir token. Também serve para observar se a rota do resumo é interpretada como id.;Resolvida na 2.1.0: 405 passou a ser declarado em todas as operações, com o componente MetodoNaoPermitido e o header Allow documentado.;;;"npx mocha --grep ""RESUMO-05""";Falhou;Falhou, e é falha real da API — DEF-009. DELETE em /pedidos/resumo é capturado pela rota dinâmica /pedidos/{id}, que trata 'resumo' como o valor de id. Obtido: 401, e não o 405 esperado com Allow de GET, HEAD e OPTIONS.
PEDIDO-ID-18;SIST-04, CRIT-33.3;PEDIDO-ID;/pedidos/{id};PUT;test/pedidos.id.test.js;V;Alta;PUT em /pedidos/{id} devolve 405 com o Allow completo do recurso;Nenhuma operação do contrato declara 405. Verificar se verbos ausentes são recusados, em especial os destrutivos e os de escrita.;Enviar PUT no recurso individual. Enviar Authorization: Bearer <token> válido.;PUT /pedidos/1 com corpo completo;405 com header Allow contendo GET, HEAD, PATCH, DELETE e OPTIONS, sem exigir token. A substituição total contornaria as regras do PATCH.;Resolvida na 2.1.0: 405 passou a ser declarado em todas as operações, com o componente MetodoNaoPermitido e o header Allow documentado.;;;"npx mocha --grep ""PEDIDO-ID-18""";;
STATUS-11;SIST-05, CRIT-33.4;STATUS;/pedidos/{id}/status;POST;test/pedidos.status.test.js;V;Alta;POST em /pedidos/{id}/status devolve 405 com Allow de PATCH e OPTIONS;Nenhuma operação do contrato declara 405. Verificar se verbos ausentes são recusados, em especial os destrutivos e os de escrita.;Enviar POST na rota de status. Enviar Authorization: Bearer <token> válido.;POST /pedidos/1/status;405 com header Allow contendo PATCH e OPTIONS, sem exigir token. A rota documenta apenas PATCH.;Resolvida na 2.1.0: 405 passou a ser declarado em todas as operações, com o componente MetodoNaoPermitido e o header Allow documentado.;;;"npx mocha --grep ""STATUS-11""";Passou;Execução de 2026-08-14: 1 execução, todas verdes.
HEALTH-04;SIST-06, CRIT-33.6;HEALTH;/health;POST;test/health.test.js;V;Média;POST em /health devolve 405 igual com e sem token;O /health é declarado público com security vazio. Verificar se um verbo não documentado é recusado pelo motivo certo, e não pela camada de autenticação que roda antes do roteamento.;Enviar POST em /health, primeiro sem token e depois com token inválido.;POST /health sem token | POST /health com Authorization: Bearer invalido;405 com header Allow contendo GET, HEAD e OPTIONS, nas duas variações. Como o 405 é resolvido antes da autenticação, a resposta deve ser idêntica com e sem token. Um 401 informa a causa errada a quem chama.;Resolvida na 2.1.0: 405 passou a ser declarado em todas as operações, com o componente MetodoNaoPermitido e o header Allow documentado.;;;"npx mocha --grep ""HEALTH-04""";Passou;Passou nas duas execuções, sem token e com token inválido. Obtido: 405 com o corpo de METODO_NAO_PERMITIDO citando POST e /health, idêntico nas duas. Confirma que o 405 é resolvido antes da camada de autenticação.
HEALTH-05;SIST-07, CRIT-33.8;HEALTH;/health;PATCH;test/health.test.js;V;Média;PATCH em /health devolve 405 igual com e sem token;O /health é declarado público com security vazio. Verificar se um verbo não documentado é recusado pelo motivo certo, e não pela camada de autenticação que roda antes do roteamento.;Enviar PATCH em /health, primeiro sem token e depois com token inválido.;PATCH /health sem token | PATCH /health com Authorization: Bearer invalido;405 com header Allow contendo GET, HEAD e OPTIONS, nas duas variações. Como o 405 é resolvido antes da autenticação, a resposta deve ser idêntica com e sem token. Um 401 informa a causa errada a quem chama.;Resolvida na 2.1.0: 405 passou a ser declarado em todas as operações, com o componente MetodoNaoPermitido e o header Allow documentado.;;;"npx mocha --grep ""HEALTH-05""";Passou;Passou nas duas execuções, sem token e com token inválido. Obtido: 405 com o corpo de METODO_NAO_PERMITIDO citando PATCH e /health, idêntico nas duas.
HEALTH-06;SIST-08, CRIT-33.9;HEALTH;/health;PUT;test/health.test.js;V;Média;PUT em /health devolve 405 igual com e sem token;O /health é declarado público com security vazio. Verificar se um verbo não documentado é recusado pelo motivo certo, e não pela camada de autenticação que roda antes do roteamento.;Enviar PUT em /health, primeiro sem token e depois com token inválido.;PUT /health sem token | PUT /health com Authorization: Bearer invalido;405 com header Allow contendo GET, HEAD e OPTIONS, nas duas variações. Como o 405 é resolvido antes da autenticação, a resposta deve ser idêntica com e sem token. Um 401 informa a causa errada a quem chama.;Resolvida na 2.1.0: 405 passou a ser declarado em todas as operações, com o componente MetodoNaoPermitido e o header Allow documentado.;;;"npx mocha --grep ""HEALTH-06""";Passou;Passou nas duas execuções, sem token e com token inválido. Obtido: 405 com o corpo de METODO_NAO_PERMITIDO citando PUT e /health, idêntico nas duas.
HEALTH-07;SIST-09, CRIT-33.10;HEALTH;/health;DELETE;test/health.test.js;V;Média;DELETE em /health devolve 405 igual com e sem token;O /health é declarado público com security vazio. Verificar se um verbo não documentado é recusado pelo motivo certo, e não pela camada de autenticação que roda antes do roteamento.;Enviar DELETE em /health, primeiro sem token e depois com token inválido.;DELETE /health sem token | DELETE /health com Authorization: Bearer invalido;405 com header Allow contendo GET, HEAD e OPTIONS, nas duas variações. Como o 405 é resolvido antes da autenticação, a resposta deve ser idêntica com e sem token. Um 401 informa a causa errada a quem chama.;Resolvida na 2.1.0: 405 passou a ser declarado em todas as operações, com o componente MetodoNaoPermitido e o header Allow documentado.;;;"npx mocha --grep ""HEALTH-07""";Passou;Passou nas duas execuções, sem token e com token inválido. Obtido: 405 com o corpo de METODO_NAO_PERMITIDO citando DELETE e /health, idêntico nas duas.
HEALTH-01;SIST-10, CRIT-34.1, CRIT-47.3;HEALTH;/health;GET;test/health.test.js;R;Alta;Health check com banco disponível, sem exigir token;A 2.0.0 especificou o comportamento: verificação real por SELECT 1, tempo limite de 2 segundos, 200 com status ok e 503 com status indisponivel.;Consultar o health com tudo funcionando e sem enviar o header Authorization.;aplicação e banco no ar, sem header Authorization;200 com status ok e dependencias[0].ok true. Como a chamada não envia Authorization, este caso também comprova que o endpoint permanece público: um 401 aqui quebraria a monitoração.;Resolvida na 2.0.0: HealthResponse ganhou enum, required e o array dependencias, e o 503 passou a ser documentado.;;;"npx mocha --grep ""HEALTH-01""";Passou;Passou. Obtido: 200 com status 'ok', sem enviar header Authorization. Confirma que o health check permanece público, como o contrato declara com security vazio.
HEALTH-02;SIST-11, CRIT-34.2, CRIT-59;HEALTH;/health;GET;test/health.test.js;R;Alta;Health check com dependência indisponível ou fora do tempo limite;A 2.0.0 especificou verificação real por SELECT 1, tempo limite de 2 segundos, 200 com status ok e 503 com status indisponivel. Com o banco parado, a conexão não é recusada de imediato, então quem responde é o próprio tempo limite: o cenário cobre as duas frentes numa execução só.;Parar o serviço do banco e consultar o health, medindo o tempo até a resposta.;serviço do banco parado;503 com status indisponivel, dependencias[0].nome persistencia, ok false e detalhe preenchido fora de produção. A resposta deve chegar em aproximadamente 2 segundos, cortada pelo tempo limite, e nunca ficar pendurada esperando o banco desistir. Não assertar o texto do detalhe: o mesmo cenário já produziu o erro do Prisma e a mensagem de tempo limite em execuções diferentes.;Resolvida na 2.0.0: HealthResponse ganhou enum, required e o array dependencias, e o 503 passou a ser documentado. Permanece em aberto qual dependência falhou e por quê, já que o contrato não padroniza o conteúdo de detalhe.;Exige parar o serviço do banco no ambiente;;"npx mocha --grep ""HEALTH-02""";Passou;Passou no relatório banco-indisponivel, que roda o caso isolado depois de um docker stop no contêiner do MySQL. Obtido: 503 com status 'indisponivel'. No relatório suite ele é excluído pelo --grep --invert, porque com o banco no ar a API responde 200 e o caso falharia por falta da condição que testa. Ressalva de precisão: o CI produz banco fora do ar, que recusa a conexão na hora, e não banco lento, que estouraria o tempo limite de 2 segundos. As duas condições dão 503, mas o título do teste descreve a segunda.
HEALTH-03;SIST-12, CRIT-47.4;HEALTH;/health;GET;test/health.test.js;A;Média;Health check ignora token inválido e responde pelo estado do banco;O security vazio nessas duas operações precisa ser respeitado pela implementação. Um middleware aplicado de forma ampla demais quebraria o login e a monitoração.;Consultar o health enviando um token inválido no header.;GET /health com Authorization: Bearer invalido;O token é irrelevante: responde conforme o banco.;;;;"npx mocha --grep ""HEALTH-03""";Passou;Passou. Obtido: 200 com status 'ok' mesmo enviando Authorization: Bearer token.invalido.aqui. O token é ignorado na rota pública, que é o comportamento correto.
GERAL-04;SIST-13, CRIT-36.1;GERAL;Todos os endpoints;OTHER;test/geral.test.js;E;Alta;Corpos de erro 4xx sem stack trace, caminho de arquivo ou nome de tabela;O único servidor declarado é http em localhost. O nome do cliente é dado pessoal e as mensagens de erro não devem revelar detalhes internos.;Consolidar os corpos de erro coletados nos demais casos e inspecionar o conteúdo. Enviar Authorization: Bearer <token> válido.;todas as respostas 4xx observadas na execução;Nenhum stack trace, caminho de arquivo, nome de tabela ou query no campo mensagem.;Apenas servidor http declarado, sem menção a HTTPS em ambiente real.;;Letra VADER atribuída na revisão de escopo: o caso vinha classificado apenas por POISED.;"npx mocha --grep ""GERAL-04""";Passou;Execução de 2026-08-14: 1 execução, todas verdes.
GERAL-05;SIST-14, CRIT-36.2, CRIT-49.3;GERAL;Todos os endpoints;OTHER;test/geral.test.js;A;Alta;Ausência de proteção em trânsito;O único servidor declarado é http em localhost. O nome do cliente é dado pessoal e as mensagens de erro não devem revelar detalhes internos.;Conferir o esquema do server declarado no contrato e o protocolo do ambiente.;único server declarado: http://localhost:2000;HTTP aceitável apenas no ambiente local. Registrar a exigência de HTTPS para qualquer ambiente publicado, já que o nome do cliente e a credencial trafegam em texto claro.;Apenas servidor http declarado, sem menção a HTTPS em ambiente real. O contrato publica a credencial real como exemplo e não há servidor https declarado.;Depende de decisão do projeto. Hoje é risco aceito de forma consciente;Letra VADER atribuída na revisão de escopo: o caso vinha classificado apenas por POISED.;"npx mocha --grep ""GERAL-05""";;
GERAL-06;SIST-15, CRIT-63.1;GERAL;Todos os endpoints;GET;test/geral.test.js;E;Alta;Rota inexistente responde 404 sem exigir autenticação;A 2.1.0 move o tratador de rota inexistente para antes da autenticação. Antes, uma rota errada sem token respondia 401, informando sobre credencial quando a pergunta era sobre o recurso.;Chamar rotas que não existem, sem nenhum header Authorization.;GET /pedidoss | GET /Pedidos | GET /;404 com o codigo ROTA_NAO_ENCONTRADA no formato ErroResponse, nas três. Nunca 401 e nunca uma página HTML de erro padrão do framework.;;;;"npx mocha --grep ""GERAL-06""";Passou;Execução de 2026-08-14: 1 execução, todas verdes.
PEDIDOS-32;METO-01, CRIT-60.1;PEDIDOS;/pedidos;PUT;test/pedidos.test.js;V;Alta;PUT em /pedidos sem token devolve 405, e não 401;A 2.1.0 declara que a recusa por método acontece antes da verificação de credencial. Este é o cenário que prova a ordem de montagem dos middlewares: a resposta precisa falar do recurso, não do solicitante.;Enviar PUT em /pedidos sem nenhum header Authorization.;PUT /pedidos, sem token;405 com header Allow. Um 401 significa que o tratamento de método ficou depois do middleware de autenticação e a correção da 2.1.0 não surtiu efeito.;;;;"npx mocha --grep ""PEDIDOS-32""";;
PEDIDO-ID-19;METO-02, CRIT-60.2;PEDIDO-ID;/pedidos/{id};PUT;test/pedidos.id.test.js;V;Alta;PUT em /pedidos/{id} sem token devolve 405, e não 401;A 2.1.0 declara que a recusa por método acontece antes da verificação de credencial. Este é o cenário que prova a ordem de montagem dos middlewares: a resposta precisa falar do recurso, não do solicitante.;Enviar PUT em /pedidos/1 sem nenhum header Authorization.;PUT /pedidos/1, sem token;405 com header Allow. Comparar com a mesma requisição enviando token válido: as duas respostas devem ser idênticas, inclusive no corpo.;;;;"npx mocha --grep ""PEDIDO-ID-19""";;
STATUS-12;METO-03, CRIT-60.3;STATUS;/pedidos/{id}/status;PUT;test/pedidos.status.test.js;V;Crítica;PUT em /pedidos/{id}/status sem token devolve 405 e não muda o status;A 2.1.0 declara que a recusa por método acontece antes da verificação de credencial. Este é o cenário que prova a ordem de montagem dos middlewares: a resposta precisa falar do recurso, não do solicitante. Aqui o risco é maior: um PUT aceito permitiria definir o status diretamente, contornando a máquina de estados inteira.;Enviar PUT em /pedidos/1/status sem token, com corpo contendo status ENTREGUE.;"PUT /pedidos/1/status { ""status"": ""ENTREGUE"" }, sem token";405 com header Allow contendo PATCH e OPTIONS. O pedido não pode mudar de status.;;;;"npx mocha --grep ""STATUS-12""";Passou;Execução de 2026-08-14: 1 execução, todas verdes.
RESUMO-06;METO-04, CRIT-60.4;RESUMO;/pedidos/resumo;DELETE;test/pedidos.resumo.test.js;V;Alta;DELETE em /pedidos/resumo sem token devolve 405, e não 401;A 2.1.0 declara que a recusa por método acontece antes da verificação de credencial. Este é o cenário que prova a ordem de montagem dos middlewares: a resposta precisa falar do recurso, não do solicitante. Cobre também a ambiguidade entre /pedidos/resumo e /pedidos/{id}: um 200 aqui indicaria que resumo foi tratado como id e o pedido foi cancelado.;Enviar DELETE em /pedidos/resumo sem token.;DELETE /pedidos/resumo, sem token;405 com header Allow contendo GET, HEAD e OPTIONS. Nunca 200 e nunca 401.;;;;"npx mocha --grep ""RESUMO-06""";Falhou;Falhou, e é falha real da API — DEF-009. Mesmo caso sem token: 401 em vez de 405, o que confirma que 'resumo' já cai na rota /pedidos/{id} antes mesmo da verificação de token.
STATUS-13;METO-05, CRIT-61.5;STATUS;/pedidos/{id}/status;OTHER;test/pedidos.status.test.js;R;Alta;Header Allow correto na rota de status;Rota de um método só. O Allow é a evidência de que nenhum outro caminho de escrita existe para o status.;Provocar um 405 na rota de status e inspecionar o header Allow.;POST /pedidos/1/status;Allow com PATCH e OPTIONS, e nada além disso.;;;;"npx mocha --grep ""STATUS-13""";Passou;Execução de 2026-08-14: 1 execução, todas verdes.
